LPI_Rank,LPI_Round_Pick,Player_Name,Position,Pos_Rank,Team,LPI_Predicted_PPG,Pos_Replacement_PPG,Projected_VORP_Per_Game,Projected_Season_VORP,Consensus_ADP_Rank,Consensus_ADP_Round_Pick,LPI_vs_ADP_Diff,Prospective_Grade_at_ADP
1,1.01,Saquon Barkley,RB,RB1,PHI,15.91,7.9497,7.96,127.4,3,1.03,2,59
2,1.02,Jahmyr Gibbs,RB,RB2,DET,15.52,7.9497,7.57,121.1,4,1.04,2,57
3,1.03,Bijan Robinson,RB,RB3,ATL,15.21,7.9497,7.26,116.2,2,1.02,-1,53
4,1.04,Ja'Marr Chase,WR,WR1,CIN,14.79,8.7782,6.01,96.2,1,1.01,-3,70
5,1.05,De'Von Achane,RB,RB4,MIA,13.6,7.9497,5.65,90.4,16,2.04,11,51
6,1.06,Josh Jacobs,RB,RB5,GB,13.55,7.9497,5.6,89.6,13,2.01,7,48
7,1.07,Alvin Kamara,RB,RB6,NO,13.38,7.9497,5.43,86.9,37,4.01,30,72
8,1.08,Jonathan Taylor,RB,RB7,IND,13.24,7.9497,5.29,84.6,18,2.06,10,50
9,1.09,Derrick Henry,RB,RB8,BAL,13.17,7.9497,5.22,83.5,8,1.08,-1,41
10,1.10,Joe Mixon,RB,RB9,,13.14,7.9497,5.19,83.0,94,8.10,84,92
11,1.11,Breece Hall,RB,RB10,NYJ,13.0,7.9497,5.05,80.8,38,4.02,27,73
12,1.12,Brock Bowers,TE,TE1,LV,11.56,6.5682,4.99,79.8,22,2.10,10,80
13,2.01,James Cook III,RB,RB11,BUF,12.91,7.9497,4.96,79.4,28,3.04,15,60
14,2.02,Trey McBride,TE,TE2,ARI,11.33,6.5682,4.76,76.2,27,3.03,13,81
15,2.03,Kyren Williams,RB,RB12,LAR,12.51,7.9497,4.56,73.0,25,3.01,10,53
16,2.04,Jalen Hurts,QB,QB1,PHI,19.7,15.2152,4.48,71.7,35,3.11,19,68
17,2.05,Justin Jefferson,WR,WR2,MIN,13.18,8.7782,4.4,70.4,5,1.05,-12,56
18,2.06,Amon-Ra St. Brown,WR,WR3,DET,13.1,8.7782,4.32,69.1,9,1.09,-9,57
19,2.07,Malik Nabers,WR,WR4,NYG,13.04,8.7782,4.26,68.2,11,1.11,-8,58
20,2.08,CeeDee Lamb,WR,WR5,DAL,12.96,8.7782,4.18,66.9,6,1.06,-14,55
21,2.09,Lamar Jackson,QB,QB2,BAL,19.34,15.2152,4.12,65.9,23,2.11,2,60
22,2.10,Jayden Daniels,QB,QB3,WAS,19.34,15.2152,4.12,65.9,30,3.06,8,63
23,2.11,Josh Allen,QB,QB4,BUF,19.22,15.2152,4.0,64.0,24,2.12,1,61
24,2.12,George Kittle,TE,TE3,SF,10.38,6.5682,3.81,61.0,34,3.10,10,75
25,3.01,James Conner,RB,RB13,ARI,11.54,7.9497,3.59,57.4,47,4.11,22,73
26,3.02,Brian Thomas Jr.,WR,WR6,JAC,12.28,8.7782,3.5,56.0,15,2.03,-11,57
27,3.03,Chase Brown,RB,RB14,CIN,11.37,7.9497,3.42,54.7,21,2.09,-6,39
28,3.04,J.J. McCarthy,QB,QB5,MIN,18.63,15.2152,3.41,54.6,133,12.01,105,81
29,3.05,Bo Nix,QB,QB6,DEN,18.62,15.2152,3.4,54.4,70,6.10,41,68
30,3.06,J.K. Dobbins,RB,RB15,DEN,11.31,7.9497,3.36,53.8,98,9.02,68,84
31,3.07,Brock Purdy,QB,QB7,SF,18.48,15.2152,3.26,52.2,97,9.01,66,72
32,3.08,Travis Kelce,TE,TE4,KC,9.78,6.5682,3.21,51.4,62,6.02,30,76
33,3.09,Kyler Murray,QB,QB8,MIN,18.43,15.2152,3.21,51.4,91,8.07,58,70
34,3.10,Drake Maye,QB,QB9,NE,18.42,15.2152,3.2,51.2,118,10.10,84,76
35,3.11,Puka Nacua,WR,WR7,LAR,11.97,8.7782,3.19,51.0,14,2.02,-21,51
36,3.12,D'Andre Swift,RB,RB16,CHI,11.08,7.9497,3.13,50.1,61,6.01,25,78
37,4.01,David Montgomery,RB,RB17,HOU,11.01,7.9497,3.06,49.0,54,5.06,17,73
38,4.02,David Njoku,TE,TE5,LAC,9.63,6.5682,3.06,49.0,87,8.03,49,85
39,4.03,Bucky Irving,RB,RB18,TB,10.96,7.9497,3.01,48.2,19,2.07,-20,33
40,4.04,Patrick Mahomes II,QB,QB10,KC,18.19,15.2152,2.97,47.5,49,5.01,9,61
41,4.05,Justin Fields,QB,QB11,KC,18.18,15.2152,2.96,47.4,114,10.06,73,74
42,4.06,Rachaad White,RB,RB19,WAS,10.87,7.9497,2.92,46.7,148,13.04,106,94
43,4.07,Chuba Hubbard,RB,RB20,CAR,10.84,7.9497,2.89,46.2,44,4.08,1,60
44,4.08,Caleb Williams,QB,QB12,CHI,18.1,15.2152,2.88,46.1,112,10.04,68,72
45,4.09,Ashton Jeanty,RB,RB21,LV,10.8,7.9497,2.85,45.6,10,1.10,-35,24
46,4.10,A.J. Brown,WR,WR8,NE,11.61,8.7782,2.83,45.3,20,2.08,-26,55
47,4.11,Drake London,WR,WR9,ATL,11.57,8.7782,2.79,44.6,17,2.05,-30,52
48,4.12,Tony Pollard,RB,RB22,TEN,10.74,7.9497,2.79,44.6,57,5.09,9,73
49,5.01,Omarion Hampton,RB,RB23,LAC,10.72,7.9497,2.77,44.3,29,3.05,-20,43
50,5.02,Aaron Jones Sr.,RB,RB24,MIN,10.72,7.9497,2.77,44.3,67,6.07,17,76
51,5.03,Garrett Wilson,WR,WR10,NYJ,11.54,8.7782,2.76,44.2,43,4.07,-8,72
52,5.04,Sam LaPorta,TE,TE6,DET,9.24,6.5682,2.67,42.7,51,5.03,-1,65
53,5.05,Baker Mayfield,QB,QB13,TB,17.88,15.2152,2.66,42.6,68,6.08,15,61
54,5.06,Nico Collins,WR,WR11,HOU,11.42,8.7782,2.64,42.2,12,1.12,-42,43
55,5.07,Najee Harris,RB,RB25,LAC,10.58,7.9497,2.63,42.1,121,11.01,66,93
56,5.08,Quinshon Judkins,RB,RB26,CLE,10.52,7.9497,2.57,41.1,104,9.08,48,84
57,5.09,Mark Andrews,TE,TE7,BAL,9.13,6.5682,2.56,41.0,73,7.01,16,75
58,5.10,Davante Adams,WR,WR12,LAR,11.33,8.7782,2.55,40.8,45,4.09,-13,72
59,5.11,Mike Evans,WR,WR13,SF,11.25,8.7782,2.47,39.5,40,4.04,-19,65
60,5.12,TreVeyon Henderson,RB,RB27,NE,10.41,7.9497,2.46,39.4,46,4.10,-14,59
61,6.01,Tee Higgins,WR,WR14,CIN,11.09,8.7782,2.31,37.0,32,3.08,-29,57
62,6.02,Kaleb Johnson,RB,RB28,PIT,10.24,7.9497,2.29,36.6,75,7.03,13,73
63,6.03,RJ Harvey,RB,RB29,DEN,10.23,7.9497,2.28,36.5,50,5.02,-13,63
64,6.04,Dak Prescott,QB,QB14,DAL,17.46,15.2152,2.24,35.8,88,8.04,24,62
65,6.05,Ladd McConkey,WR,WR15,LAC,11.01,8.7782,2.23,35.7,26,3.02,-39,51
66,6.06,Justin Herbert,QB,QB15,LAC,17.43,15.2152,2.21,35.4,109,10.01,43,67
67,6.07,Hunter Henry,TE,TE8,NE,8.74,6.5682,2.17,34.7,154,13.10,87,85
68,6.08,Jaxon Smith-Njigba,WR,WR16,SEA,10.9,8.7782,2.12,33.9,33,3.09,-35,57
69,6.09,DJ Moore,WR,WR17,BUF,10.9,8.7782,2.12,33.9,53,5.05,-16,71
70,6.10,Tyreek Hill,WR,WR18,,10.87,8.7782,2.09,33.4,31,3.07,-39,52
71,6.11,Travis Etienne Jr.,RB,RB30,NO,10.01,7.9497,2.06,33.0,89,8.05,18,71
72,6.12,Joe Burrow,QB,QB16,CIN,17.27,15.2152,2.05,32.8,36,3.12,-36,52
73,7.01,Jared Goff,QB,QB17,DET,17.17,15.2152,1.95,31.2,102,9.06,29,64
74,7.02,Christian McCaffrey,RB,RB31,SF,9.89,7.9497,1.94,31.0,7,1.07,-67,17
75,7.03,Javonte Williams,RB,RB32,DAL,9.88,7.9497,1.93,30.9,110,10.02,35,86
76,7.04,Colston Loveland,TE,TE9,CHI,8.5,6.5682,1.93,30.9,113,10.05,37,77
77,7.05,Tyler Warren,TE,TE10,IND,8.47,6.5682,1.9,30.4,92,8.08,15,74
78,7.06,Terry McLaurin,WR,WR19,WAS,10.67,8.7782,1.89,30.2,42,4.06,-36,61
79,7.07,Cam Skattebo,RB,RB33,NYG,9.81,7.9497,1.86,29.8,105,9.09,26,81
80,7.08,Tucker Kraft,TE,TE11,GB,8.38,6.5682,1.81,29.0,95,8.11,15,75
81,7.09,Jaydon Blue,RB,RB34,DAL,9.75,7.9497,1.8,28.8,131,11.11,50,90
82,7.10,Mason Taylor,TE,TE12,NYJ,8.37,6.5682,1.8,28.8,191,16.11,109,90
83,7.11,Rhamondre Stevenson,RB,RB35,NE,9.65,7.9497,1.7,27.2,115,10.07,32,88
84,7.12,Brian Robinson Jr.,RB,RB36,ATL,9.55,7.9497,1.6,25.6,101,9.05,17,74
85,8.01,Kyle Pitts Sr.,TE,TE13,ATL,8.15,6.5682,1.58,25.3,130,11.10,45,76
86,8.02,Zay Flowers,WR,WR20,BAL,10.3,8.7782,1.52,24.3,64,6.04,-22,67
87,8.03,DeVonta Smith,WR,WR21,PHI,10.24,8.7782,1.46,23.4,55,5.07,-32,64
88,8.04,Tyrone Tracy Jr.,RB,RB37,NYG,9.4,7.9497,1.45,23.2,74,7.02,-14,64
89,8.05,Braelon Allen,RB,RB38,NYJ,9.35,7.9497,1.4,22.4,111,10.03,22,84
90,8.06,Jordan Addison,WR,WR22,MIN,10.12,8.7782,1.34,21.4,96,8.12,6,78
91,8.07,Marvin Harrison Jr.,WR,WR23,ARI,10.04,8.7782,1.26,20.2,39,4.03,-52,50
92,8.08,Evan Engram,TE,TE14,DEN,7.82,6.5682,1.25,20.0,82,7.10,-10,60
93,8.09,Joe Flacco,QB,QB18,CIN,16.45,15.2152,1.23,19.7,258,22.06,165,79
94,8.10,Tank Bigsby,RB,RB39,PHI,9.16,7.9497,1.21,19.4,108,9.12,14,79
95,8.11,George Pickens,WR,WR24,DAL,9.93,8.7782,1.15,18.4,60,5.12,-35,62
96,8.12,Dalton Kincaid,TE,TE15,BUF,7.7,6.5682,1.13,18.1,124,11.04,28,69
97,9.01,Kyle Monangai,RB,RB40,CHI,9.05,7.9497,1.1,17.6,213,18.09,116,81
98,9.02,T.J. Hockenson,TE,TE16,MIN,7.61,6.5682,1.04,16.6,65,6.05,-33,51
99,9.03,Zach Charbonnet,RB,RB41,SEA,8.99,7.9497,1.04,16.6,93,8.09,-6,62
100,9.04,DK Metcalf,WR,WR25,PIT,9.72,8.7782,0.94,15.0,48,4.12,-52,56
101,9.05,Jakobi Meyers,WR,WR26,JAC,9.72,8.7782,0.94,15.0,90,8.06,-11,74
102,9.06,Isaac Guerendo,RB,RB42,SF,8.76,7.9497,0.81,13.0,183,16.03,81,81
103,9.07,Tetairoa McMillan,WR,WR27,CAR,9.57,8.7782,0.79,12.6,58,5.10,-45,57
104,9.08,Ray Davis,RB,RB43,BUF,8.73,7.9497,0.78,12.5,149,13.05,45,83
105,9.09,Jayden Higgins,WR,WR28,HOU,9.54,8.7782,0.76,12.2,142,12.10,37,85
106,9.10,Emeka Egbuka,WR,WR29,TB,9.52,8.7782,0.74,11.8,80,7.08,-26,70
107,9.11,Chris Godwin Jr.,WR,WR30,TB,9.48,8.7782,0.7,11.2,107,9.11,0,76
108,9.12,Jameson Williams,WR,WR31,DET,9.4,8.7782,0.62,9.9,63,6.03,-45,56
109,10.01,Keenan Allen,WR,WR32,LAC,9.32,8.7782,0.54,8.6,137,12.05,28,82
110,10.02,Courtland Sutton,WR,WR33,DEN,9.29,8.7782,0.51,8.2,52,5.04,-58,52
111,10.03,Jerry Jeudy,WR,WR34,CLE,9.27,8.7782,0.49,7.8,77,7.05,-34,63
112,10.04,Jake Ferguson,TE,TE17,DAL,7.05,6.5682,0.48,7.7,122,11.02,10,58
113,10.05,Calvin Ridley,WR,WR35,TEN,9.17,8.7782,0.39,6.2,66,6.06,-47,54
114,10.06,Deebo Samuel Sr.,WR,WR36,SF,9.13,8.7782,0.35,5.6,83,7.11,-31,67
115,10.07,Xavier Worthy,WR,WR37,KC,9.12,8.7782,0.34,5.4,56,5.08,-59,51
116,10.08,Tyjae Spears,RB,RB44,TEN,8.28,7.9497,0.33,5.3,162,14.06,46,79
117,10.09,Cooper Kupp,WR,WR38,SEA,9.1,8.7782,0.32,5.1,100,9.04,-17,68
118,10.10,Michael Pittman Jr.,WR,WR39,PIT,9.0,8.7782,0.22,3.5,119,10.11,1,74
119,10.11,Jayden Reed,WR,WR40,GB,8.92,8.7782,0.14,2.2,116,10.08,-3,72
120,10.12,Quentin Johnston,WR,WR41,LAC,8.91,8.7782,0.13,2.1,259,22.07,139,86
121,11.01,Jauan Jennings,WR,WR42,MIN,8.87,8.7782,0.09,1.4,103,9.07,-18,67
122,11.02,Khalil Shakir,WR,WR43,BUF,8.8,8.7782,0.02,0.3,106,9.10,-16,67
123,11.03,Austin Ekeler,RB,RB45,,7.93,7.9497,-0.02,-0.3,Unranked,N/A,0,50
124,11.04,Darnell Mooney,WR,WR44,NYG,8.67,8.7782,-0.11,-1.8,146,13.02,22,79
125,11.05,Stefon Diggs,WR,WR45,,8.59,8.7782,-0.19,-3.0,85,8.01,-40,61
126,11.06,Jaylen Waddle,WR,WR46,DEN,8.55,8.7782,-0.23,-3.7,69,6.09,-57,47
127,11.07,Jordan Mason,RB,RB46,MIN,7.62,7.9497,-0.33,-5.3,84,7.12,-43,47
128,11.08,Jaylen Warren,RB,RB47,PIT,7.59,7.9497,-0.36,-5.8,81,7.09,-47,46
129,11.09,Rico Dowdle,RB,RB48,PIT,7.59,7.9497,-0.36,-5.8,166,14.10,37,73
130,11.10,Josh Downs,WR,WR47,IND,8.41,8.7782,-0.37,-5.9,123,11.03,-7,70
131,11.11,Rashod Bateman,WR,WR48,BAL,8.39,8.7782,-0.39,-6.2,173,15.05,42,82
132,11.12,Rashee Rice,WR,WR49,KC,8.28,8.7782,-0.5,-8.0,72,6.12,-60,47
133,12.01,Jerome Ford,RB,RB49,WAS,7.41,7.9497,-0.54,-8.6,138,12.06,5,72
134,12.02,Isiah Pacheco,RB,RB50,DET,7.37,7.9497,-0.58,-9.3,59,5.11,-75,40
135,12.03,Brandon Aiyuk,WR,WR50,SF,8.13,8.7782,-0.65,-10.4,145,13.01,10,72
136,12.04,Dallas Goedert,TE,TE18,PHI,5.85,6.5682,-0.72,-11.5,134,12.02,-2,42
137,12.05,Nick Chubb,RB,RB51,,7.19,7.9497,-0.76,-12.2,117,10.09,-20,69
138,12.06,Travis Hunter,WR,WR51,JAC,7.98,8.7782,-0.8,-12.8,71,6.11,-67,41
139,12.07,Jonnu Smith,TE,TE19,,5.77,6.5682,-0.8,-12.8,139,12.07,0,42
140,12.08,Rome Odunze,WR,WR52,CHI,7.93,8.7782,-0.85,-13.6,78,7.06,-62,48
141,12.09,DeMario Douglas,WR,WR53,NE,7.91,8.7782,-0.87,-13.9,219,19.03,78,77
142,12.10,Chris Olave,WR,WR54,NO,7.78,8.7782,-1.0,-16.0,76,7.04,-66,42
143,12.11,Zach Ertz,TE,TE20,,5.56,6.5682,-1.01,-16.2,156,13.12,13,42
144,12.12,Kenneth Walker III,RB,RB52,KC,6.84,7.9497,-1.11,-17.8,41,4.05,-103,19
145,13.01,Jacory Croskey-Merritt,RB,RB53,WAS,6.81,7.9497,-1.14,-18.2,99,9.03,-46,44
146,13.02,Chig Okonkwo,TE,TE21,WAS,5.43,6.5682,-1.14,-18.2,161,14.05,15,42
147,13.03,Brenton Strange,TE,TE22,JAC,5.28,6.5682,-1.29,-20.6,179,15.11,32,43
148,13.04,Isaiah Likely,TE,TE23,NYG,5.12,6.5682,-1.45,-23.2,185,16.05,37,43
149,13.05,Cade Otton,TE,TE24,TB,4.94,6.5682,-1.63,-26.1,190,16.10,41,43
150,13.06,Matthew Golden,WR,WR55,GB,7.07,8.7782,-1.71,-27.4,86,8.02,-64,43
151,13.07,Keon Coleman,WR,WR56,BUF,6.93,8.7782,-1.85,-29.6,127,11.07,-24,54
152,13.08,Rashid Shaheed,WR,WR57,SEA,6.89,8.7782,-1.89,-30.2,136,12.04,-16,55
153,13.09,C.J. Stroud,QB,QB19,HOU,13.31,15.2152,-1.91,-30.6,126,11.06,-27,41
154,13.10,Elijah Arroyo,TE,TE25,SEA,4.55,6.5682,-2.02,-32.3,194,17.02,40,44
155,13.11,Jordan Love,QB,QB20,GB,13.14,15.2152,-2.08,-33.3,129,11.09,-26,41
156,13.12,Christian Kirk,WR,WR58,SF,6.55,8.7782,-2.23,-35.7,153,13.09,-3,57
157,14.01,Pat Freiermuth,TE,TE26,PIT,4.34,6.5682,-2.23,-35.7,195,17.03,38,44
158,14.02,Trevor Lawrence,QB,QB21,JAC,12.81,15.2152,-2.41,-38.6,155,13.11,-3,41
159,14.03,Dalton Schultz,TE,TE27,HOU,4.14,6.5682,-2.43,-38.9,201,17.09,42,45
160,14.04,Trey Benson,RB,RB54,ARI,5.49,7.9497,-2.46,-39.4,141,12.09,-19,51
161,14.05,Tua Tagovailoa,QB,QB22,ATL,12.67,15.2152,-2.55,-40.8,159,14.03,-2,41
162,14.06,Mike Gesicki,TE,TE28,CIN,3.94,6.5682,-2.63,-42.1,202,17.10,40,45
163,14.07,Cam Ward,QB,QB23,TEN,12.56,15.2152,-2.66,-42.6,160,14.04,-3,41
164,14.08,Michael Penix Jr.,QB,QB24,ATL,12.48,15.2152,-2.74,-43.8,164,14.08,0,41
165,14.09,Aaron Rodgers,QB,QB25,PIT,12.43,15.2152,-2.79,-44.6,168,14.12,3,41
166,14.10,Matthew Stafford,QB,QB26,LAR,12.4,15.2152,-2.82,-45.1,170,15.02,4,41
167,14.11,Darren Waller,TE,TE29,,3.75,6.5682,-2.82,-45.1,204,17.12,37,45
168,14.12,Bryce Young,QB,QB27,CAR,12.37,15.2152,-2.85,-45.6,172,15.04,4,41
169,15.01,Sam Darnold,QB,QB28,SEA,12.35,15.2152,-2.87,-45.9,174,15.06,5,41
170,15.02,Geno Smith,QB,QB29,NYJ,12.32,15.2152,-2.9,-46.4,175,15.07,5,41
171,15.03,Shedeur Sanders,QB,QB30,CLE,12.28,15.2152,-2.94,-47.0,203,17.11,32,41
172,15.04,Jaxson Dart,QB,QB31,NYG,12.24,15.2152,-2.98,-47.7,232,20.04,60,41
173,15.05,Ja'Tavion Sanders,TE,TE30,CAR,3.58,6.5682,-2.99,-47.8,263,22.11,90,45
174,15.06,Ollie Gordon II,RB,RB55,MIA,4.93,7.9497,-3.02,-48.3,135,12.03,-39,45
175,15.07,Bhayshul Tuten,RB,RB56,JAC,4.93,7.9497,-3.02,-48.3,143,12.11,-32,45
176,15.08,Dylan Sampson,RB,RB57,CLE,4.93,7.9497,-3.02,-48.3,150,13.06,-26,45
177,15.09,Kareem Hunt,RB,RB58,,4.93,7.9497,-3.02,-48.3,157,14.01,-20,45
178,15.10,Tyler Allgeier,RB,RB59,ARI,4.93,7.9497,-3.02,-48.3,163,14.07,-15,45
179,15.11,Anthony Richardson Sr.,QB,QB32,IND,12.2,15.2152,-3.02,-48.3,241,21.01,62,40
180,15.12,Russell Wilson,QB,QB33,,12.15,15.2152,-3.07,-49.1,249,21.09,69,40
181,16.01,Jaylen Wright,RB,RB60,MIA,4.87,7.9497,-3.08,-49.3,192,16.12,11,46
182,16.02,Woody Marks,RB,RB61,HOU,4.87,7.9497,-3.08,-49.3,205,18.01,23,46
183,16.03,Will Shipley,RB,RB62,PHI,4.87,7.9497,-3.08,-49.3,212,18.08,29,46
184,16.04,Keaton Mitchell,RB,RB63,LAC,4.87,7.9497,-3.08,-49.3,227,19.11,43,46
185,16.05,Justice Hill,RB,RB64,BAL,4.87,7.9497,-3.08,-49.3,229,20.01,44,46
186,16.06,Blake Corum,RB,RB65,LAR,4.87,7.9497,-3.08,-49.3,230,20.02,44,46
187,16.07,DJ Giddens,RB,RB66,IND,4.87,7.9497,-3.08,-49.3,231,20.03,44,46
188,16.08,Kendre Miller,RB,RB67,NO,4.87,7.9497,-3.08,-49.3,234,20.06,46,46
189,16.09,Tahj Brooks,RB,RB68,CIN,4.87,7.9497,-3.08,-49.3,236,20.08,47,46
190,16.10,Roschon Johnson,RB,RB69,CHI,4.87,7.9497,-3.08,-49.3,240,20.12,50,46
191,16.11,Brashard Smith,RB,RB70,KC,4.87,7.9497,-3.08,-49.3,245,21.05,54,46
192,16.12,Miles Sanders,RB,RB71,,4.87,7.9497,-3.08,-49.3,246,21.06,54,46
193,17.01,Raheem Mostert,RB,RB72,LV,4.87,7.9497,-3.08,-49.3,248,21.08,55,46
194,17.02,Jarquez Hunter,RB,RB73,LAR,4.87,7.9497,-3.08,-49.3,251,21.11,57,46
195,17.03,Chris Rodriguez Jr.,RB,RB74,JAC,4.87,7.9497,-3.08,-49.3,253,22.01,58,46
196,17.04,Dameon Pierce,RB,RB75,PHI,4.87,7.9497,-3.08,-49.3,265,23.01,69,46
197,17.05,Spencer Brown,RB,RB76,,4.87,7.9497,-3.08,-49.3,282,24.06,85,46
198,17.06,Sean Tucker,RB,RB77,TB,4.87,7.9497,-3.08,-49.3,283,24.07,85,46
199,17.07,Elijah Collins,RB,RB78,,4.87,7.9497,-3.08,-49.3,284,24.08,85,46
200,17.08,Kenny Gainwell,RB,RB79,TB,4.87,7.9497,-3.08,-49.3,285,24.09,85,46
201,17.09,Brian Herrien,RB,RB80,,4.87,7.9497,-3.08,-49.3,286,24.10,85,46
202,17.10,Elijah Mitchell,RB,RB81,PHI,4.87,7.9497,-3.08,-49.3,288,24.12,86,46
203,17.11,Antonio Gibson,RB,RB82,,4.87,7.9497,-3.08,-49.3,290,25.02,87,46
204,17.12,Devin Singletary,RB,RB83,NYG,4.87,7.9497,-3.08,-49.3,291,25.03,87,46
205,18.01,MarShawn Lloyd,RB,RB84,GB,4.87,7.9497,-3.08,-49.3,294,25.06,89,46
206,18.02,LeVante Bellamy,RB,RB85,,4.87,7.9497,-3.08,-49.3,297,25.09,91,46
207,18.03,Emanuel Wilson,RB,RB86,SEA,4.87,7.9497,-3.08,-49.3,300,25.12,93,46
208,18.04,Devin Neal,RB,RB87,NO,4.87,7.9497,-3.08,-49.3,301,26.01,93,46
209,18.05,Trevor Etienne,RB,RB88,CAR,4.87,7.9497,-3.08,-49.3,302,26.02,93,46
210,18.06,Deshaun Fenwick,RB,RB89,,4.87,7.9497,-3.08,-49.3,304,26.04,94,46
211,18.07,Devwah Whaley,RB,RB90,,4.87,7.9497,-3.08,-49.3,306,26.06,95,46
212,18.08,AJ Dillon,RB,RB91,CAR,4.87,7.9497,-3.08,-49.3,313,27.01,101,46
213,18.09,Isaiah Spiller,RB,RB92,,4.87,7.9497,-3.08,-49.3,314,27.02,101,46
214,18.10,Jaleel McLaughlin,RB,RB93,DEN,4.87,7.9497,-3.08,-49.3,317,27.05,103,46
215,18.11,Samaje Perine,RB,RB94,CIN,4.87,7.9497,-3.08,-49.3,321,27.09,106,46
216,18.12,Jordan James,RB,RB95,SF,4.87,7.9497,-3.08,-49.3,323,27.11,107,46
217,19.01,Ty Johnson,RB,RB96,BUF,4.87,7.9497,-3.08,-49.3,334,28.10,117,46
218,19.02,Nick Ralston,RB,RB97,,4.87,7.9497,-3.08,-49.3,336,28.12,118,46
219,19.03,Lorenzo Lingard,RB,RB98,,4.87,7.9497,-3.08,-49.3,337,29.01,118,46
220,19.04,Phillip Lindsay,RB,RB99,,4.87,7.9497,-3.08,-49.3,342,29.06,122,46
221,19.05,Ty Montgomery II,RB,RB100,,4.87,7.9497,-3.08,-49.3,350,30.02,129,46
222,19.06,Bo Scarbrough,RB,RB101,,4.87,7.9497,-3.08,-49.3,367,31.07,145,46
223,19.07,Elijah Young,RB,RB102,,4.87,7.9497,-3.08,-49.3,370,31.10,147,46
224,19.08,Scottie Phillips,RB,RB103,,4.87,7.9497,-3.08,-49.3,374,32.02,150,46
225,19.09,Audric Estime,RB,RB104,NO,4.87,7.9497,-3.08,-49.3,385,33.01,160,46
226,19.10,Marvin Mims Jr.,WR,WR59,DEN,5.67,8.7782,-3.11,-49.8,147,13.03,-79,44
227,19.11,Daniel Jones,QB,QB34,IND,12.1,15.2152,-3.12,-49.9,255,22.03,28,40
228,19.12,Harold Fannin Jr.,TE,TE31,CLE,3.42,6.5682,-3.15,-50.4,276,23.12,48,46
229,20.01,Luther Burden III,WR,WR60,CHI,5.6,8.7782,-3.18,-50.9,151,13.07,-78,43
230,20.02,Spencer Rattler,QB,QB35,NO,12.0,15.2152,-3.22,-51.5,260,22.08,30,40
231,20.03,Kirk Cousins,QB,QB36,LV,11.96,15.2152,-3.26,-52.2,272,23.08,41,40
232,20.04,Juwan Johnson,TE,TE32,NO,3.29,6.5682,-3.28,-52.5,280,24.04,48,46
233,20.05,Tyler Shough,QB,QB37,NO,11.92,15.2152,-3.3,-52.8,295,25.07,62,40
234,20.06,Adam Thielen,WR,WR61,,5.46,8.7782,-3.32,-53.1,165,14.09,-69,43
235,20.07,Jimmy Garoppolo,QB,QB38,LAR,11.88,15.2152,-3.34,-53.4,328,28.04,93,39
236,20.08,Ricky Pearsall,WR,WR62,SF,5.41,8.7782,-3.37,-53.9,79,7.07,-157,21
237,20.09,Dillon Gabriel,QB,QB39,CLE,11.85,15.2152,-3.37,-53.9,329,28.05,92,39
238,20.10,DeAndre Hopkins,WR,WR63,BAL,5.4,8.7782,-3.38,-54.1,169,15.01,-69,43
239,20.11,Joshua Palmer,WR,WR64,BUF,5.4,8.7782,-3.38,-54.1,171,15.03,-68,43
240,20.12,Xavier Legette,WR,WR65,CAR,5.4,8.7782,-3.38,-54.1,206,18.02,-34,43
241,21.01,Tre' Harris,WR,WR66,LAC,5.4,8.7782,-3.38,-54.1,208,18.04,-33,43
242,21.02,Cedric Tillman,WR,WR67,CLE,5.4,8.7782,-3.38,-54.1,209,18.05,-33,43
243,21.03,Isaac TeSlaa,WR,WR68,DET,5.4,8.7782,-3.38,-54.1,210,18.06,-33,43
244,21.04,Dont'e Thornton Jr.,WR,WR69,LV,5.4,8.7782,-3.38,-54.1,215,18.11,-29,43
245,21.05,Wan'Dale Robinson,WR,WR70,TEN,5.4,8.7782,-3.38,-54.1,222,19.06,-23,43
246,21.06,Romeo Doubs,WR,WR71,NE,5.4,8.7782,-3.38,-54.1,224,19.08,-22,43
247,21.07,Kyle Williams,WR,WR72,NE,5.4,8.7782,-3.38,-54.1,225,19.09,-22,43
248,21.08,Jack Bech,WR,WR73,LV,5.4,8.7782,-3.38,-54.1,233,20.05,-15,43
249,21.09,Tory Horton,WR,WR74,SEA,5.4,8.7782,-3.38,-54.1,237,20.09,-12,43
250,21.10,Elic Ayomanor,WR,WR75,TEN,5.4,8.7782,-3.38,-54.1,242,21.02,-8,43
251,21.11,Alec Pierce,WR,WR76,IND,5.4,8.7782,-3.38,-54.1,243,21.03,-8,43
252,21.12,Pat Bryant,WR,WR77,DEN,5.4,8.7782,-3.38,-54.1,247,21.07,-5,43
253,22.01,Troy Franklin,WR,WR78,DEN,5.4,8.7782,-3.38,-54.1,252,21.12,-1,43
254,22.02,Jalen Coker,WR,WR79,CAR,5.4,8.7782,-3.38,-54.1,257,22.05,3,43
255,22.03,Tyler Lockett,WR,WR80,LV,5.4,8.7782,-3.38,-54.1,261,22.09,6,43
256,22.04,Michael Wilson,WR,WR81,ARI,5.4,8.7782,-3.38,-54.1,266,23.02,10,43
257,22.05,Jaylin Noel,WR,WR82,HOU,5.4,8.7782,-3.38,-54.1,267,23.03,10,43
258,22.06,Jalen McMillan,WR,WR83,TB,5.4,8.7782,-3.38,-54.1,270,23.06,12,43
259,22.07,Roman Wilson,WR,WR84,,5.4,8.7782,-3.38,-54.1,271,23.07,12,43
260,22.08,Olamide Zaccheaus,WR,WR85,ATL,5.4,8.7782,-3.38,-54.1,273,23.09,13,43
261,22.09,Jalen Royals,WR,WR86,KC,5.4,8.7782,-3.38,-54.1,274,23.10,13,43
262,22.10,Darius Slayton,WR,WR87,NYG,5.4,8.7782,-3.38,-54.1,275,23.11,13,43
263,22.11,Ray-Ray McCloud III,WR,WR88,,5.4,8.7782,-3.38,-54.1,277,24.01,14,43
264,22.12,Dyami Brown,WR,WR89,WAS,5.4,8.7782,-3.38,-54.1,278,24.02,14,43
265,23.01,Andrei Iosivas,WR,WR90,CIN,5.4,8.7782,-3.38,-54.1,279,24.03,14,43
266,23.02,Adonai Mitchell,WR,WR91,NYJ,5.4,8.7782,-3.38,-54.1,287,24.11,21,43
267,23.03,Jaylin Lane,WR,WR92,WAS,5.4,8.7782,-3.38,-54.1,289,25.01,22,43
268,23.04,Joseph Ngata,WR,WR93,,5.4,8.7782,-3.38,-54.1,292,25.04,24,43
269,23.05,Efton Chism III,WR,WR94,NE,5.4,8.7782,-3.38,-54.1,293,25.05,24,43
270,23.06,Ahmad Wagner,WR,WR95,,5.4,8.7782,-3.38,-54.1,296,25.08,26,43
271,23.07,Ramel Keyton,WR,WR96,,5.4,8.7782,-3.38,-54.1,298,25.10,27,43
272,23.08,Andre Baccellia,WR,WR97,,5.4,8.7782,-3.38,-54.1,299,25.11,27,43
273,23.09,Kayshon Boutte,WR,WR98,NE,5.4,8.7782,-3.38,-54.1,305,26.05,32,43
274,23.10,Dontayvion Wicks,WR,WR99,PHI,5.4,8.7782,-3.38,-54.1,307,26.07,33,43
275,23.11,Scotty Washington,WR,WR100,,5.4,8.7782,-3.38,-54.1,308,26.08,33,43
276,23.12,Taysir Mack,WR,WR101,,5.4,8.7782,-3.38,-54.1,309,26.09,33,43
277,24.01,Calvin Austin III,WR,WR102,NYG,5.4,8.7782,-3.38,-54.1,310,26.10,33,43
278,24.02,Avery Davis,WR,WR103,,5.4,8.7782,-3.38,-54.1,312,26.12,34,43
279,24.03,Travis Toivonen,WR,WR104,,5.4,8.7782,-3.38,-54.1,315,27.03,36,43
280,24.04,OJ Hiliare,WR,WR105,,5.4,8.7782,-3.38,-54.1,322,27.10,42,43
281,24.05,Milton Wright,WR,WR106,,5.4,8.7782,-3.38,-54.1,324,27.12,43,43
282,24.06,Malik Washington,WR,WR107,MIA,5.4,8.7782,-3.38,-54.1,325,28.01,43,43
283,24.07,Ja'Marcus Bradley,WR,WR108,,5.4,8.7782,-3.38,-54.1,326,28.02,43,43
284,24.08,Courtney Jackson,WR,WR109,TEN,5.4,8.7782,-3.38,-54.1,327,28.03,43,43
285,24.09,Hayden Hatten,WR,WR110,,5.4,8.7782,-3.38,-54.1,330,28.06,45,43
286,24.10,Jalen Tolbert,WR,WR111,MIA,5.4,8.7782,-3.38,-54.1,332,28.08,46,43
287,24.11,Isaiah Bond,WR,WR112,CLE,5.4,8.7782,-3.38,-54.1,333,28.09,46,43
288,24.12,Leon Johnson III,WR,WR113,,5.4,8.7782,-3.38,-54.1,335,28.11,47,43
289,25.01,Tre Tucker,WR,WR114,LV,5.4,8.7782,-3.38,-54.1,338,29.02,49,43
290,25.02,Brandin Cooks,WR,WR115,,5.4,8.7782,-3.38,-54.1,339,29.03,49,43
291,25.03,KeAndre Lambert-Smith,WR,WR116,LAC,5.4,8.7782,-3.38,-54.1,340,29.04,49,43
292,25.04,John Stephens Jr.,WR,WR117,,5.4,8.7782,-3.38,-54.1,347,29.11,55,43
293,25.05,Sam Wiglusz,WR,WR118,,5.4,8.7782,-3.38,-54.1,349,30.01,56,43
294,25.06,Jaxon Janke,WR,WR119,,5.4,8.7782,-3.38,-54.1,351,30.03,57,43
295,25.07,Diontae Johnson,WR,WR120,,5.4,8.7782,-3.38,-54.1,352,30.04,57,43
296,25.08,Bryan Thompson,WR,WR121,,5.4,8.7782,-3.38,-54.1,353,30.05,57,43
297,25.09,Kyle Sheets,WR,WR122,,5.4,8.7782,-3.38,-54.1,358,30.10,61,43
298,25.10,Nick Williams,WR,WR123,,5.4,8.7782,-3.38,-54.1,359,30.11,61,43
299,25.11,Chase Cota,WR,WR124,,5.4,8.7782,-3.38,-54.1,360,30.12,61,43
300,25.12,Xavier Restrepo,WR,WR125,TEN,5.4,8.7782,-3.38,-54.1,364,31.04,64,43
301,26.01,Branden Mack,WR,WR126,,5.4,8.7782,-3.38,-54.1,366,31.06,65,43
302,26.02,Brian Cobbs,WR,WR127,,5.4,8.7782,-3.38,-54.1,373,32.01,71,43
303,26.03,Christian Watson,WR,WR128,GB,5.4,8.7782,-3.38,-54.1,375,32.03,72,43
304,26.04,Riley Lees,WR,WR129,,5.4,8.7782,-3.38,-54.1,376,32.04,72,43
305,26.05,Jordan Whittington,WR,WR130,LAR,5.4,8.7782,-3.38,-54.1,377,32.05,72,43
306,26.06,Keytaon Thompson,WR,WR131,,5.4,8.7782,-3.38,-54.1,380,32.08,74,43
307,26.07,Corey Coleman,WR,WR132,,5.4,8.7782,-3.38,-54.1,381,32.09,74,43
308,26.08,Xavier Johnson,WR,WR133,CIN,5.4,8.7782,-3.38,-54.1,382,32.10,74,43
309,26.09,Jalen Moreno-Cropper,WR,WR134,NO,5.4,8.7782,-3.38,-54.1,384,32.12,75,43
310,26.10,John Ursua,WR,WR135,,5.4,8.7782,-3.38,-54.1,387,33.03,77,43
311,26.11,Ty James,WR,WR136,,5.4,8.7782,-3.38,-54.1,389,33.05,78,43
312,26.12,Jalen Milroe,QB,QB40,SEA,11.83,15.2152,-3.39,-54.2,354,30.06,42,39
313,27.01,Theo Johnson,TE,TE33,NYG,3.17,6.5682,-3.4,-54.4,281,24.05,-32,46
314,27.02,Logan Woodside,QB,QB41,,11.8,15.2152,-3.42,-54.7,355,30.07,41,39
315,27.03,Steven Montez,QB,QB42,,11.79,15.2152,-3.43,-54.9,365,31.05,50,39
316,27.04,Erick All Jr.,TE,TE34,CIN,3.08,6.5682,-3.49,-55.8,303,26.03,-13,46
317,27.05,Terrance Ferguson,TE,TE35,LAR,3.0,6.5682,-3.57,-57.1,311,26.11,-6,46
318,27.06,Tyler Higbee,TE,TE36,LAR,2.94,6.5682,-3.63,-58.1,316,27.04,-2,46
319,27.07,Damien Caffrey,TE,TE37,,2.89,6.5682,-3.68,-58.9,318,27.06,-1,46
320,27.08,Tyler Conklin,TE,TE38,DET,2.86,6.5682,-3.71,-59.4,319,27.07,-1,46
321,27.09,Cole Kmet,TE,TE39,CHI,2.83,6.5682,-3.74,-59.8,320,27.08,-1,46
322,27.10,Nate Wieting,TE,TE40,,2.81,6.5682,-3.76,-60.2,331,28.07,9,46
323,27.11,Noah Gray,TE,TE41,KC,2.8,6.5682,-3.77,-60.3,341,29.05,18,46
324,27.12,Ryan Izzo,TE,TE42,,2.8,6.5682,-3.77,-60.3,344,29.08,20,46
325,28.01,Eric Ebron,TE,TE43,,2.79,6.5682,-3.78,-60.5,346,29.10,21,46
326,28.02,Hayden Rucci,TE,TE44,SF,2.79,6.5682,-3.78,-60.5,348,29.12,22,46
327,28.03,Taysom Hill,TE,TE45,,2.79,6.5682,-3.78,-60.5,356,30.08,29,46
328,28.04,Zach Heins,TE,TE46,,2.79,6.5682,-3.78,-60.5,357,30.09,29,46
329,28.05,Jaheim Bell,TE,TE47,PIT,2.79,6.5682,-3.78,-60.5,361,31.01,32,46
330,28.06,Oronde Gadsden II,TE,TE48,LAC,2.79,6.5682,-3.78,-60.5,368,31.08,38,46
331,28.07,La'Michael Pettway,TE,TE49,,2.79,6.5682,-3.78,-60.5,371,31.11,40,46
332,28.08,Dallin Holker,TE,TE50,,2.79,6.5682,-3.78,-60.5,378,32.06,46,46
333,28.09,Ben Sinnott,TE,TE51,WAS,2.79,6.5682,-3.78,-60.5,379,32.07,46,46
334,28.10,Noah Fant,TE,TE52,NO,2.79,6.5682,-3.78,-60.5,383,32.11,49,46
335,28.11,Moliki Matavao,TE,TE53,NO,2.79,6.5682,-3.78,-60.5,386,33.02,51,46
336,28.12,Zach Horton,TE,TE54,DET,2.79,6.5682,-3.78,-60.5,388,33.04,52,46
337,29.01,Hollywood Brown,WR,WR137,PHI,3.18,8.7782,-5.6,-89.6,167,14.11,-170,17
